category,end_date,region,user_id,item_id,item_name,initial_price,max_bid,nb_of_bids
16,"2021-07-26 04:00:55",1,76,1,numquam,264.89,200.84,95
39,"2022-02-22 05:16:34",10,94,2,aut,904.74,278.18,73
12,"2021-07-26 11:56:39",5,148,3,vel,284.95,655.01,59
42,"2021-05-03 22:57:56",10,73,4,voluptates,397.64,447.67,95
11,"2021-05-05 22:35:12",4,112,5,et,725.55,63.14,21
35,"2021-04-01 18:06:18",8,48,6,voluptatem,98.89,176.09,31
22,"2021-07-29 04:38:52",8,169,7,consequuntur,184.3,740.82,7
32,"2021-12-06 20:51:29",10,117,8,nisi,355.89,297.28,57
28,"2021-12-23 02:05:08",3,141,9,cupiditate,902.73,685.87,29
45,"2021-12-17 06:24:23",9,65,10,laboriosam,602.71,168.59,19
15,"2022-02-06 17:23:12",8,111,11,itaque,817.18,297.26,68
25,"2021-06-10 06:36:13",7,4,12,earum,240.22,628.23,30
13,"2021-08-31 03:54:53",4,90,13,iste,12.74,506.85,53
44,"2021-07-30 20:46:34",2,1,14,nostrum,460.68,999.03,43
10,"2022-03-02 22:47:42",4,152,15,dolorem,695.99,944.96,57
44,"2021-11-22 06:29:03",4,165,16,minus,939.05,504.92,32
34,"2021-03-23 02:48:46",10,129,17,non,995.09,922.35,98
40,"2021-03-26 03:03:11",9,65,18,voluptate,388.42,395.47,92
34,"2022-02-08 09:41:32",5,148,19,ipsum,919.99,29.3,1
40,"2021-10-13 06:00:53",7,121,20,sed,206.17,739.57,33
14,"2021-10-31 03:45:42",6,113,21,eligendi,957.25,261.61,50
43,"2021-12-14 19:22:51",10,92,22,velit,671.25,107.68,25
14,"2021-08-22 11:36:02",8,169,23,repellendus,664.52,370.87,29
30,"2021-09-03 04:14:28",8,188,24,ipsam,153.07,99.64,65
34,"2021-04-06 03:13:55",3,70,25,maxime,603.59,640.9,16
22,"2021-12-05 12:14:01",1,198,26,perspiciatis,947.67,10.75,67
26,"2021-05-13 11:29:01",8,182,27,non,135.02,710.07,54
18,"2021-12-06 18:26:12",8,48,28,voluptatibus,372.72,964.12,0
9,"2021-08-25 10:40:24",4,101,29,cum,257.94,91.16,10
24,"2021-10-26 21:23:01",8,128,30,harum,788.53,170.01,17
2,"2021-04-04 04:53:34",4,126,31,ut,766.19,579.64,3
37,"2021-11-24 15:47:46",9,123,32,eum,505.08,14.39,92
31,"2021-11-22 07:01:08",6,13,33,velit,66.32,778.51,67
15,"2021-04-01 00:28:58",6,113,34,eaque,748.02,252.18,55
46,"2021-04-17 11:46:51",8,79,35,quis,298.06,725.95,38
48,"2021-08-09 07:11:32",3,25,36,consequatur,970.59,203.6,12
40,"2022-03-03 04:19:51",8,23,37,beatae,65.15,522.73,56
36,"2021-08-25 03:29:21",6,13,38,a,406.12,438.33,1
31,"2022-02-05 14:14:35",1,96,39,autem,488.96,264.08,41
25,"2022-01-05 21:45:47",9,172,40,commodi,914.58,768.08,11
39,"2021-12-21 23:39:02",9,71,41,ex,604.73,80.38,13
6,"2021-11-12 13:25:13",1,53,42,praesentium,924.57,333.46,12
30,"2021-12-01 02:29:16",4,91,43,est,503.84,297.43,34
48,"2022-02-08 11:12:08",8,137,44,ad,811.99,736.42,81
14,"2021-11-17 05:09:50",4,152,45,libero,769.81,821.34,86
49,"2021-05-14 18:42:56",7,121,46,rerum,945.49,37.7,41
1,"2021-05-18 19:20:37",6,44,47,placeat,331.75,149.39,26
24,"2021-11-27 06:04:47",9,37,48,molestiae,917.88,592.45,59
46,"2021-03-18 16:57:37",8,143,49,amet,98.85,857.59,48
50,"2021-04-05 13:22:24",5,107,50,aliquid,840.04,624.53,76
36,"2021-07-03 19:56:32",3,139,51,quod,694.37,527.95,4
50,"2021-09-30 14:55:34",8,12,52,ut,43.15,919.92,73
50,"2021-03-14 13:24:36",10,117,53,omnis,644.93,221.98,4
32,"2021-03-24 01:50:09",8,19,54,fugiat,700.98,675.75,20
40,"2021-05-15 11:18:04",6,26,55,et,797.87,662.77,18
12,"2021-10-31 13:51:50",6,168,56,ea,929.06,214.79,67
14,"2021-12-29 03:31:17",2,146,57,sed,953.26,645.36,38
31,"2021-07-04 18:45:40",4,154,58,debitis,841.45,583.17,58
50,"2021-10-07 09:14:39",6,138,59,molestiae,99.16,674.24,96
2,"2021-03-11 07:28:58",10,94,60,ipsa,472.65,146.84,15
24,"2021-09-19 19:35:50",10,127,61,voluptatem,425.55,60.36,73
27,"2022-02-16 11:39:04",3,80,62,natus,216.27,255.56,91
42,"2021-09-17 06:40:25",10,150,63,quasi,766.01,314.11,45
42,"2021-04-08 03:21:21",1,124,64,minima,387.82,930.04,54
10,"2021-04-26 03:24:22",6,174,65,corrupti,704.59,632.49,93
12,"2021-10-06 17:09:39",1,35,66,explicabo,935.05,146.39,74
13,"2021-03-26 00:59:36",10,117,67,et,240.99,516.93,21
13,"2021-04-28 22:48:41",3,186,68,nihil,680.61,102.18,85
30,"2021-04-29 19:28:16",5,89,69,voluptas,721.49,151.32,8
34,"2021-10-07 03:13:04",8,61,70,,169.4,690.07,21
19,"2021-07-14 09:32:20",10,127,71,sed,497.1,575.15,59
46,"2022-02-16 00:13:22",8,23,72,eos,892.54,135.1,3
25,"2021-09-23 00:04:41",10,92,73,sapiente,893.87,267.99,13
48,"2021-10-21 03:43:28",1,115,74,quae,374.4,981.72,56
49,"2021-08-12 14:58:20",7,164,75,autem,625.52,608.17,35
38,"2021-12-31 17:09:45",6,28,76,autem,37.48,416.27,16
28,"2021-12-25 21:21:55",10,94,77,earum,835.3,171.52,77
5,"2021-10-28 21:45:53",3,34,78,qui,587.35,340.06,77
9,"2021-09-14 18:42:01",3,70,79,temporibus,638.19,674.94,14
4,"2022-02-17 14:57:36",8,120,80,sunt,283.99,77.97,74
49,"2021-11-15 20:01:45",6,167,81,sed,111.43,751.92,69
23,"2022-02-11 23:32:43",9,122,82,quisquam,115.31,258.68,79
45,"2021-08-05 10:07:02",9,122,83,nostrum,199.64,712.73,29
19,"2022-01-04 19:09:11",9,65,84,repellat,470.5,695.98,65
10,"2021-10-09 06:15:16",4,184,85,quaerat,338.71,989.73,56
49,"2021-03-30 03:52:18",4,154,86,quidem,902.88,582.56,48
25,"2022-01-02 20:38:22",1,134,87,hic,311.62,462.07,33
2,"2022-01-24 18:29:10",5,108,88,sint,542.92,614.29,48
21,"2021-03-14 12:44:21",6,13,89,et,7.91,264.78,13
2,"2021-05-15 19:22:32",1,35,90,distinctio,241.08,816.44,62
30,"2022-02-11 13:17:00",3,139,91,laudantium,229.16,571.8,66
44,"2021-07-07 11:52:35",3,193,92,quasi,407.76,934.32,87
35,"2021-06-24 12:59:24",6,199,93,ut,774.64,104.28,50
39,"2021-03-11 02:23:55",7,21,94,est,269.74,6.84,81
40,"2021-05-15 17:10:45",1,93,95,soluta,649.22,164.32,69
26,"2021-11-24 07:05:14",9,64,96,autem,437.02,390.51,10
1,"2021-11-07 11:49:57",4,184,97,aspernatur,373.6,201.08,34
48,"2021-05-30 08:30:33",8,169,98,et,478.4,110.31,80
38,"2021-07-03 12:54:18",5,105,99,in,21.55,164,41
28,"2021-04-20 06:54:58",9,37,100,fugiat,504.69,154.85,100
24,"2021-06-09 03:49:43",6,168,101,qui,275.81,979.79,33
25,"2021-07-29 04:33:23",9,78,102,magnam,936.76,706.31,26
3,"2022-02-26 00:52:56",3,181,103,aut,415.24,303.91,44
3,"2021-06-29 01:32:57",3,5,104,in,669.15,186.63,75
5,"2021-08-21 10:46:12",1,115,105,expedita,886.26,969.74,87
44,"2021-03-25 04:40:35",6,116,106,excepturi,593.82,789.95,39
49,"2021-08-03 05:29:37",3,158,107,et,509.33,536.54,30
28,"2021-06-17 01:32:51",9,3,108,et,405.08,509.78,77
41,"2022-03-09 04:15:41",8,61,109,aut,284.96,488.22,92
4,"2021-12-28 07:16:49",8,191,110,quae,1.53,258.49,78
17,"2022-01-14 02:31:21",10,58,111,non,345.61,83.85,22
35,"2021-12-30 10:47:40",6,113,112,eius,446.78,250.37,59
47,"2021-09-24 08:09:09",1,29,113,consequatur,134.12,393.91,25
7,"2021-12-18 09:49:18",1,76,114,ut,55.92,254.64,70
14,"2021-10-14 03:46:40",3,70,115,occaecati,239.64,761.62,21
21,"2021-05-16 00:21:53",8,196,116,possimus,430.21,422.9,89
3,"2021-11-23 10:56:46",2,175,117,ducimus,8.22,54.02,98
31,"2021-12-28 12:01:42",2,1,118,accusantium,219.23,727.1,50
13,"2021-09-03 03:08:24",9,78,119,culpa,34.27,441.31,81
1,"2021-06-09 20:20:21",7,87,120,est,747.65,966.88,36
19,"2021-05-19 20:23:39",4,90,121,omnis,893.73,307.82,6
23,"2022-01-03 06:12:16",3,192,122,aspernatur,54.02,948.67,18
12,"2021-05-26 04:29:26",5,108,123,eaque,610.44,751.97,57
20,"2021-03-14 05:29:37",1,115,124,quibusdam,212.31,668.4,82
38,"2021-10-15 02:10:41",10,82,125,quis,81.07,129.17,49
46,"2021-06-21 06:36:45",2,54,126,ullam,848.3,614.74,97
30,"2022-01-10 02:21:44",6,6,127,adipisci,337.84,108.27,85
21,"2021-03-17 21:41:47",7,20,128,recusandae,65.87,42.44,44
21,"2021-05-09 16:46:27",8,137,129,est,110.06,577.13,50
38,"2021-06-04 05:20:19",5,183,130,sint,323.05,580.92,32
22,"2021-12-09 10:15:37",6,113,131,velit,706.88,260.7,35
22,"2022-01-28 23:23:26",8,17,132,minima,495.84,824.24,2
22,"2021-09-14 15:54:01",5,105,133,soluta,523.48,199.57,50
49,"2021-05-27 22:31:40",6,13,134,aspernatur,352.8,498.18,59
1,"2021-04-21 19:12:46",5,14,135,quis,286.54,974.35,60
48,"2021-08-08 14:10:48",3,197,136,sit,471.12,376.02,83
34,"2021-04-28 03:21:39",4,90,137,qui,488.65,625.16,83
27,"2022-02-23 22:21:51",10,200,138,nemo,650.37,851.33,15
44,"2022-01-03 07:47:20",1,151,139,quidem,271.15,573.07,56
5,"2021-11-06 14:04:27",7,20,140,qui,237.94,161.33,78
41,"2021-07-02 00:43:32",9,11,141,quibusdam,299.79,519.94,25
4,"2021-03-22 08:12:03",8,182,142,quidem,730.54,944.47,37
48,"2021-07-12 12:02:12",8,45,143,aspernatur,371.13,332.16,60
4,"2021-10-22 03:45:55",9,71,144,error,738.33,795.71,12
24,"2021-08-10 00:08:11",3,25,145,officia,682.47,239.81,65
50,"2021-06-19 05:30:36",3,2,146,ea,500.01,180.74,10
15,"2021-05-24 01:22:24",4,145,147,accusantium,548.26,403.32,9
36,"2022-02-12 07:26:16",4,40,148,corrupti,607.72,262.96,21
45,"2021-12-18 21:03:23",2,69,149,inventore,876.64,960.68,65
15,"2021-12-04 04:02:34",8,169,150,repellendus,855.32,347.07,26
45,"2021-05-23 01:32:14",8,79,151,iste,103.68,819.83,64
47,"2021-08-24 15:10:15",1,131,152,molestiae,357.13,441.32,95
6,"2021-08-11 19:20:13",1,124,153,ipsum,922.31,949.39,94
41,"2021-07-18 01:02:35",9,64,154,libero,475.92,206.61,71
26,"2021-07-03 21:28:49",1,43,155,et,737.35,933.74,66
4,"2021-06-06 02:50:17",5,148,156,est,819.95,165.31,5
18,"2021-12-06 20:50:32",1,8,157,et,702.36,165.94,26
3,"2021-09-30 23:48:33",9,123,158,perspiciatis,677.97,559.59,87
27,"2021-04-25 20:41:15",8,187,159,dignissimos,621.12,624.94,6
24,"2021-04-13 04:25:10",1,96,160,est,64.74,837.33,99
38,"2021-08-30 23:59:45",4,156,161,magnam,677.48,670.77,54
46,"2021-09-16 01:10:14",7,9,162,perspiciatis,452.24,106.52,68
37,"2021-12-25 22:46:31",2,59,163,commodi,176.26,531.89,18
28,"2021-07-12 14:12:49",8,79,164,odit,173.04,409.95,80
35,"2021-05-21 19:53:00",1,76,165,porro,749.42,428.09,18
44,"2021-06-01 00:49:10",5,89,166,illo,600.32,871.64,10
29,"2021-08-03 18:17:54",3,176,167,quis,420.12,77.38,16
13,"2021-07-01 12:18:11",6,44,168,nesciunt,843.81,721,86
45,"2022-02-11 19:07:20",7,81,169,doloremque,666.95,960.31,65
36,"2021-03-20 15:47:09",3,2,170,iste,410.72,652.05,43
25,"2021-09-02 20:52:24",7,62,171,nostrum,752.06,931.26,84
30,"2021-05-03 08:46:25",3,25,172,magni,931.82,85.82,37
30,"2021-11-21 22:05:46",8,194,173,tempore,918.47,492.55,93
36,"2021-07-30 12:27:01",5,89,174,qui,160.46,189.67,19
8,"2021-05-11 15:24:13",7,97,175,et,844.78,518.13,56
10,"2021-03-27 13:58:22",8,19,176,fugit,289,437.5,24
8,"2021-05-17 05:03:11",6,199,177,rerum,489.58,587.99,40
25,"2022-02-18 03:45:54",2,189,178,rerum,417.66,782.4,51
38,"2022-02-04 06:05:57",9,3,179,eaque,267.81,795.3,88
39,"2021-04-20 04:37:03",5,155,180,quia,913.03,757.62,84
26,"2021-03-16 17:25:30",1,43,181,eos,781.55,328.37,60
6,"2022-02-24 17:45:22",9,100,182,voluptatem,230.05,525.23,96
22,"2021-12-17 18:59:11",6,6,183,odit,942.76,650.63,45
21,"2021-12-14 04:22:21",6,144,184,rem,335.16,137.29,48
42,"2022-03-03 07:08:24",6,26,185,tenetur,793.25,963.64,43
20,"2021-08-30 00:25:39",2,140,186,,126.57,499.43,12
40,"2021-09-06 16:27:36",5,147,187,aperiam,527.35,647.69,18
37,"2021-03-19 20:41:43",6,199,188,non,391.91,840.55,50
4,"2021-09-03 03:21:37",5,147,189,a,594.69,203.2,87
25,"2021-08-09 16:08:26",7,87,190,aut,351.02,930.26,15
24,"2021-12-02 10:48:39",6,28,191,mollitia,618.73,99.08,77
8,"2021-07-29 03:56:56",5,155,192,quis,624.46,662.22,39
43,"2021-08-13 04:57:33",8,111,193,ratione,609.57,34.63,96
45,"2021-12-27 18:39:16",6,113,194,voluptas,666.15,333.59,25
24,"2022-01-19 21:12:22",8,128,195,qui,365.42,249.58,26
2,"2021-06-25 22:54:30",3,52,196,distinctio,651.39,857.56,89
28,"2021-03-23 19:47:27",3,25,197,nostrum,389.19,132.09,3
10,"2022-02-04 21:09:43",3,88,198,recusandae,716.09,561.16,90
29,"2021-10-17 09:28:09",8,128,199,error,639.4,421.74,44
43,"2021-10-18 20:37:48",8,48,200,tempora,823.55,698.05,9
44,"2021-12-29 03:35:30",10,92,201,ea,6.08,100.91,32
6,"2021-09-14 21:34:27",10,57,202,tempore,215.64,337.59,78
47,"2021-03-17 11:32:19",8,170,203,optio,797.97,718.81,25
11,"2021-09-18 17:26:43",8,128,204,sunt,152.38,123.65,15
29,"2021-05-18 11:21:14",1,53,205,corporis,602.68,78.14,65
31,"2021-08-12 07:47:49",6,44,206,perspiciatis,962.88,997.57,19
6,"2021-09-29 03:39:06",8,95,207,velit,480.89,550.79,37
26,"2021-09-30 16:10:14",7,109,208,velit,239.5,145.9,47
14,"2021-12-14 03:07:16",10,67,209,iste,857.05,793.12,1
34,"2021-11-06 02:19:54",5,173,210,quaerat,693.29,315.98,3
33,"2021-05-09 06:58:18",2,10,211,rem,632.85,851.99,73
12,"2021-07-27 04:17:38",9,122,212,quis,709.43,132.01,76
43,"2021-08-10 08:35:27",2,185,213,quo,822.25,74.86,34
23,"2021-05-28 09:57:34",2,119,214,sunt,471.09,561.06,36
46,"2021-05-04 07:06:24",5,51,215,et,833.8,414.52,41
47,"2021-06-13 06:19:19",6,13,216,non,329.58,905.66,35
25,"2021-07-10 13:49:36",8,128,217,consequatur,144.09,505.61,56
14,"2021-05-01 20:26:05",2,185,218,distinctio,708.23,775.42,6
32,"2021-10-29 05:28:54",5,46,219,doloribus,643.32,333.51,45
44,"2022-01-22 04:46:35",3,5,220,occaecati,653.03,877.69,21
35,"2022-02-18 21:00:25",6,149,221,earum,375.43,546.37,92
16,"2022-01-26 04:19:38",7,62,222,iure,813.13,169.77,14
8,"2022-01-28 01:12:04",2,27,223,suscipit,715.66,510.44,12
21,"2021-11-13 14:09:31",7,4,224,nostrum,210.66,872.76,48
14,"2021-10-19 22:14:53",5,108,225,et,690.59,948.55,90
26,"2021-03-27 16:15:40",10,41,226,est,894.49,846.24,33
38,"2021-03-13 08:07:05",4,7,227,voluptate,811.94,533.7,53
45,"2021-03-30 11:36:12",6,167,228,nihil,951.2,444.01,96
34,"2021-04-27 18:40:27",8,45,229,aut,994.88,593.54,78
45,"2021-05-11 03:20:36",5,108,230,dolor,441.18,885.43,38
47,"2021-03-31 13:45:45",5,14,231,vitae,853.09,903.87,96
33,"2021-07-30 11:53:03",10,50,232,quaerat,82.22,460.36,12
20,"2021-09-14 04:21:32",8,55,233,amet,40.65,431.61,88
48,"2021-08-20 13:49:19",3,103,234,odit,133.74,607.93,52
13,"2022-01-11 02:53:37",6,168,235,fugiat,842.51,698.42,18
22,"2021-05-20 00:57:59",1,56,236,vel,89.03,906.49,59
6,"2021-05-05 13:46:47",8,19,237,fugiat,752.98,813.38,81
42,"2021-03-19 20:58:28",9,85,238,vel,170.67,337.75,50
41,"2022-01-30 22:07:38",4,91,239,fuga,28.96,546.6,6
45,"2021-06-15 14:33:03",4,165,240,optio,630.27,457.9,92
24,"2021-10-29 16:02:29",9,85,241,quae,389.75,894.02,52
27,"2021-11-02 20:57:31",1,35,242,dolore,593.46,652.44,11
25,"2021-10-19 00:52:53",9,64,243,consequuntur,972.36,377.49,26
4,"2021-06-11 13:44:40",10,82,244,dolores,244.7,371.1,48
19,"2021-10-06 12:33:04",2,175,245,minus,629.88,769.02,31
35,"2021-08-19 02:38:12",2,130,246,ratione,160.06,443.29,93
32,"2021-10-14 11:02:36",10,73,247,natus,187.39,174.44,49
32,"2021-04-08 12:32:10",5,107,248,voluptatem,431.38,809.43,55
44,"2021-06-25 05:12:08",4,75,249,fugit,336.07,655.93,90
47,"2021-10-31 01:06:24",3,181,250,error,327.81,581.23,81
9,"2022-03-08 12:13:04",4,154,251,rerum,917.76,304.88,31
8,"2021-12-28 21:36:01",9,85,252,voluptates,62.85,36.96,28
35,"2022-01-17 09:28:06",5,183,253,mollitia,197.82,231.38,85
39,"2021-05-17 16:23:33",3,192,254,placeat,174.52,928.81,34
18,"2021-11-11 19:08:00",1,177,255,fuga,451.68,869.48,62
36,"2021-09-24 12:52:09",7,81,256,qui,837.86,129.84,70
18,"2021-08-30 19:53:13",2,68,257,totam,594.05,212.79,66
37,"2022-02-08 21:13:12",5,183,258,quidem,637.38,696.22,7
6,"2022-02-13 08:06:12",10,200,259,officia,109.3,765.42,22
24,"2021-08-29 00:37:34",10,94,260,praesentium,350.84,109.27,32
19,"2021-05-15 13:43:58",1,151,261,facere,333.77,228.92,28
28,"2021-12-11 06:00:46",6,125,262,est,557.37,274.66,99
16,"2021-10-17 13:15:52",7,157,263,autem,825.81,682.49,62
16,"2021-08-26 05:40:52",5,105,264,accusamus,661.84,507.99,53
11,"2022-02-16 07:10:16",9,100,265,minus,539.4,522.84,70
34,"2021-05-18 23:19:55",2,185,266,enim,704.54,749.7,78
49,"2021-08-22 14:09:51",6,6,267,eum,52.5,723.98,83
31,"2021-06-15 06:31:45",5,105,268,ut,362.6,849.12,31
35,"2021-08-06 09:07:09",9,100,269,eum,617.65,861.04,97
5,"2021-05-06 07:03:58",7,164,270,perspiciatis,728.71,223.13,30
18,"2021-11-06 17:07:03",7,20,271,incidunt,561.64,794.34,16
16,"2021-07-16 22:56:53",7,109,272,delectus,144.12,309.01,73
9,"2022-01-14 02:54:23",4,184,273,ducimus,0.09,629.99,48
2,"2021-12-24 22:37:37",1,76,274,facilis,764.45,286.95,63
34,"2021-10-04 00:34:19",6,138,275,autem,780.48,316.61,49
24,"2022-01-30 15:17:50",8,17,276,quis,396.96,644.89,19
31,"2022-01-04 21:51:59",4,152,277,aut,379.53,317.19,4
11,"2021-06-29 18:59:55",7,104,278,ad,220.23,481.77,44
38,"2021-10-08 06:32:05",5,46,279,et,715.38,268.81,91
4,"2021-05-14 07:43:39",3,141,280,quia,182.81,67.52,4
28,"2021-05-27 00:02:31",2,69,281,est,280.96,29.15,78
36,"2021-07-21 02:39:15",2,175,282,molestiae,299.12,17.4,12
34,"2021-06-07 07:43:50",6,26,283,vitae,674.71,157.84,14
43,"2021-09-22 05:00:15",4,106,284,nemo,690.41,109.8,85
6,"2021-07-15 04:50:57",9,71,285,commodi,338.69,302.31,18
49,"2021-08-13 14:37:23",8,55,286,beatae,646.83,439.17,93
31,"2021-05-09 03:36:35",10,73,287,deleniti,473.73,155.15,24
43,"2021-03-25 21:50:33",6,138,288,facilis,431.87,245.71,95
25,"2021-12-01 19:20:53",2,68,289,quo,775.75,350.89,64
6,"2021-10-12 05:39:33",1,102,290,corrupti,117.6,528.57,63
47,"2021-12-02 15:16:19",10,163,291,quo,541.52,530.01,37
22,"2021-12-24 20:43:11",2,59,292,qui,757.02,91.2,39
42,"2021-10-18 18:54:09",4,184,293,magni,699.96,169.69,68
38,"2021-12-12 19:20:17",9,122,294,aliquid,851.57,494.77,5
34,"2021-06-28 02:41:18",2,130,295,consequatur,432.29,66.47,12
21,"2021-12-13 10:14:45",6,113,296,ipsam,249.34,896.71,45
21,"2021-07-03 00:14:48",5,47,297,et,966.7,398.94,87
44,"2021-08-01 23:25:05",5,14,298,voluptas,231.59,356.86,36
37,"2022-03-08 03:10:05",9,37,299,facere,309.42,595.1,79
18,"2021-09-21 11:46:44",5,49,300,fugit,384.55,7.08,75
6,"2022-03-07 06:40:24",5,89,301,quisquam,34.99,27.63,100
32,"2021-11-28 00:52:15",2,189,302,impedit,993.76,47.06,94
35,"2021-04-29 11:38:47",3,88,303,rerum,210.32,489.01,85
23,"2021-10-14 07:55:29",5,49,304,consectetur,377.83,601.59,20
11,"2021-11-30 09:07:20",4,40,305,commodi,997.27,377.41,31
6,"2022-01-13 22:14:06",9,65,306,odit,267.66,823.15,17
49,"2021-08-13 11:00:34",9,114,307,et,497.2,917.15,100
45,"2021-07-29 21:50:28",1,56,308,quia,533.13,416.52,92
5,"2021-11-09 21:42:41",6,6,309,voluptatum,569.63,268.42,21
9,"2021-09-08 00:33:56",3,60,310,cupiditate,858.78,46.01,53
8,"2021-03-15 20:57:58",3,181,311,dolorum,827.18,886.3,52
28,"2021-08-22 15:59:54",7,42,312,et,429.58,87.81,58
43,"2021-08-16 22:08:43",5,66,313,laboriosam,297.08,201.68,81
47,"2021-03-23 10:31:11",8,182,314,neque,168.08,496.46,7
45,"2021-05-10 01:30:00",2,119,315,aspernatur,846.03,657.53,48
48,"2021-08-09 10:59:41",5,51,316,soluta,531.01,254.64,37
29,"2021-12-10 10:02:31",9,30,317,consequatur,810.31,88.33,24
13,"2021-07-21 13:06:25",7,179,318,necessitatibus,129.1,424.24,30
18,"2021-06-16 10:55:39",7,118,319,qui,219.47,423.1,57
49,"2021-12-21 17:10:01",3,60,320,aspernatur,527.46,561.12,67
29,"2021-12-09 13:28:00",5,14,321,quam,501.76,544.37,76
35,"2021-06-11 14:06:47",10,57,322,porro,111.21,1.18,5
36,"2021-11-17 19:50:35",8,166,323,ipsam,220.18,596.4,88
14,"2022-01-10 09:16:29",8,188,324,dolor,322.94,428.5,44
1,"2021-12-28 19:15:14",9,171,325,exercitationem,85.03,674.08,41
49,"2022-02-09 21:06:29",1,151,326,exercitationem,62.64,291.52,73
3,"2021-11-10 18:27:19",7,132,327,non,185.53,75.17,52
1,"2021-08-13 21:42:30",3,60,328,expedita,887.07,20.99,1
19,"2022-01-02 13:17:18",8,19,329,vel,979.1,822.74,96
9,"2021-12-10 00:50:52",4,165,330,fugiat,73.16,650.19,86
12,"2021-12-21 04:22:49",3,25,331,inventore,407.15,511.75,46
33,"2022-01-31 21:13:59",2,27,332,accusantium,677.53,62.61,41
1,"2022-01-28 18:44:33",7,104,333,dolor,382.2,307.94,16
11,"2021-07-29 16:24:19",10,129,334,saepe,202.94,277.19,23
18,"2021-03-13 19:45:13",1,53,335,eos,171.22,904.03,6
39,"2021-08-13 17:53:41",4,91,336,facilis,914.3,990.96,12
19,"2021-03-24 14:26:19",10,127,337,officiis,530.6,520.38,66
30,"2021-10-26 08:35:29",1,96,338,minus,753.29,494.5,86
33,"2021-10-06 00:31:11",8,19,339,quis,87.09,990.86,27
44,"2021-10-23 23:18:32",8,19,340,ex,779.48,304.2,15
6,"2021-04-04 09:17:30",4,101,341,voluptate,649.85,3.82,25
22,"2021-10-08 07:28:04",3,141,342,quibusdam,610.9,593.93,6
38,"2021-09-29 20:00:47",6,116,343,ut,673.48,51.86,90
38,"2021-03-11 09:38:43",9,30,344,assumenda,335.55,521.76,95
50,"2021-12-06 18:31:53",5,155,345,accusantium,203.42,422.12,24
21,"2021-12-09 09:51:18",4,190,346,repellendus,228.93,26.62,30
45,"2021-08-02 13:57:17",10,58,347,sapiente,159.24,926.87,67
21,"2021-10-29 05:02:47",3,52,348,magnam,73.87,67.67,10
38,"2021-11-01 13:59:48",7,118,349,qui,430.32,358.45,75
7,"2021-10-16 11:45:52",5,66,350,dolor,388.07,716.63,58
48,"2021-09-27 15:19:38",6,125,351,aliquam,668.7,455.04,22
44,"2021-08-25 00:23:49",8,170,352,repudiandae,821.92,574.49,10
45,"2021-06-01 17:07:17",2,140,353,qui,289.8,201.12,75
20,"2021-09-13 17:24:37",2,38,354,molestiae,954.18,537.92,71
1,"2022-01-14 18:12:07",6,149,355,quo,450.18,678.97,95
2,"2021-11-30 00:40:14",3,197,356,deserunt,409.1,195.22,75
29,"2021-12-06 13:06:15",4,126,357,molestiae,408.14,105.54,21
14,"2022-01-28 06:42:17",8,188,358,earum,218.6,343.28,56
37,"2021-06-24 00:17:41",8,187,359,cum,448.35,34.83,15
9,"2022-01-04 04:41:07",3,159,360,culpa,184.63,40,38
28,"2021-09-06 07:14:05",8,120,361,ipsam,553.85,360.8,92
37,"2021-08-07 16:38:46",3,88,362,illo,851.06,888.75,75
1,"2021-05-08 14:36:54",3,176,363,error,627.2,404.14,8
27,"2022-01-31 21:15:32",1,135,364,a,393.84,475.24,1
43,"2021-10-21 17:52:32",3,5,365,provident,655.99,939.26,93
4,"2021-08-25 13:39:44",8,95,366,recusandae,382.04,96,10
42,"2022-02-01 18:21:24",7,161,367,omnis,759.37,52.85,4
16,"2021-07-06 12:56:42",4,145,368,iste,892.07,751.29,35
33,"2021-04-13 20:54:58",3,25,369,dolor,638.41,37.68,76
38,"2021-04-12 21:45:01",8,19,370,nesciunt,869.67,991.04,47
47,"2021-12-03 17:29:02",4,91,371,laborum,481.25,374.63,62
12,"2021-06-06 12:20:01",8,95,372,ipsa,260.28,934.93,12
24,"2022-01-08 03:53:31",1,142,373,aut,373.61,366.97,66
1,"2021-06-20 14:40:55",9,3,374,voluptatem,860.77,185.44,82
43,"2022-03-07 16:07:37",7,87,375,nemo,609.45,904.68,60
19,"2021-06-25 10:34:28",5,31,376,suscipit,272.94,116.23,63
27,"2021-12-12 01:55:02",7,20,377,voluptatem,947.52,145.85,25
6,"2021-06-15 03:14:10",10,117,378,dolores,287.22,102.58,93
27,"2022-02-13 01:40:30",2,32,379,cum,927.12,380.92,23
35,"2021-04-17 21:42:33",7,4,380,officiis,970.92,445.07,20
10,"2021-07-01 11:16:42",1,56,381,sint,184.7,850.94,1
22,"2022-02-07 16:34:14",10,58,382,est,239.94,874.25,25
44,"2021-08-21 15:07:40",3,72,383,eius,967.55,881.83,74
24,"2021-04-07 16:26:05",6,113,384,est,255.05,621.91,33
41,"2022-02-09 14:13:44",1,29,385,itaque,994.07,530.07,60
29,"2021-09-21 14:57:34",3,70,386,voluptates,508.87,165.23,43
24,"2021-12-31 01:05:58",5,110,387,occaecati,231.82,514.8,97
45,"2021-05-24 21:04:07",7,16,388,ratione,771.41,87.97,8
10,"2021-11-13 20:20:23",5,49,389,dolor,150.96,339.9,88
42,"2021-11-13 15:55:39",2,27,390,repellat,348.57,854.07,27
11,"2021-05-11 08:54:52",3,159,391,est,486.15,816.06,99
18,"2022-03-03 11:41:43",2,59,392,iste,168.64,384.72,87
39,"2021-03-20 23:43:13",7,4,393,accusantium,44.71,229.93,13
41,"2021-07-25 05:15:46",7,161,394,ipsa,1.92,403.74,47
45,"2021-05-03 12:53:26",8,48,395,nobis,349.29,965.52,52
20,"2021-12-28 13:08:02",3,176,396,ducimus,224.35,474.23,25
32,"2022-01-07 06:38:21",6,167,397,qui,391.74,160.14,92
10,"2021-04-05 09:02:27",10,200,398,minima,997.79,897.45,31
9,"2022-02-23 06:15:41",9,172,399,culpa,506.68,683.82,84
47,"2021-09-29 21:31:16",10,50,400,modi,487.21,226.92,67
19,"2021-08-11 02:38:13",7,4,401,iure,423.55,404.41,9
7,"2021-05-30 06:30:15",2,185,402,eos,892.42,192.54,32
35,"2021-07-30 09:33:38",7,9,403,maiores,828.73,391.02,100
22,"2021-03-12 10:18:49",1,131,404,ea,90.47,374.64,75
23,"2021-09-21 12:55:23",2,146,405,voluptatibus,965.16,51.44,4
9,"2021-05-12 05:06:05",1,74,406,sit,85.83,230.53,4
24,"2021-12-12 11:41:10",2,39,407,alias,667.99,930.84,29
45,"2022-02-28 05:35:51",9,3,408,provident,375.01,114.12,14
26,"2021-03-21 17:40:57",8,61,409,est,648.63,789.67,6
27,"2021-12-07 09:37:46",2,32,410,assumenda,236.09,39.34,85
16,"2021-11-19 12:59:11",5,46,411,est,992.02,491.41,64
8,"2021-09-01 05:21:32",1,115,412,et,142.04,263.73,63
23,"2021-08-04 14:34:42",4,101,413,laudantium,965.29,484.07,95
38,"2022-01-19 13:23:29",8,48,414,velit,299.66,884.71,63
50,"2021-03-16 09:06:46",9,64,415,blanditiis,671.86,281.39,20
32,"2021-06-03 17:28:20",3,181,416,velit,51.02,465.07,0
28,"2021-07-16 17:24:12",6,167,417,iure,333.78,94.37,36
17,"2022-02-24 00:30:33",7,118,418,eius,279.99,749.44,35
49,"2021-03-23 20:23:02",9,30,419,adipisci,931.77,887.81,49
17,"2021-12-29 06:43:51",6,168,420,consequatur,732.86,712.09,34
31,"2022-01-30 22:16:04",1,124,421,voluptatibus,779.89,590.44,71
44,"2021-04-12 01:33:42",1,53,422,veritatis,29,733.79,64
35,"2021-12-23 18:08:42",5,49,423,quidem,291.3,352.4,67
32,"2022-01-22 05:17:03",4,101,424,aliquid,765.61,14.13,67
26,"2021-10-20 13:16:31",10,67,425,quisquam,202.89,987.49,28
41,"2021-10-22 20:48:20",8,23,426,et,69.43,789.56,30
10,"2021-08-01 01:46:38",6,26,427,modi,621.23,951.9,81
9,"2021-04-14 07:57:44",3,88,428,eum,781.38,546.48,9
21,"2021-04-08 14:08:46",4,101,429,reprehenderit,529.32,462.35,12
24,"2022-02-22 18:27:34",9,114,430,et,261.82,582.79,89
3,"2022-02-01 09:44:42",3,52,431,rerum,805.86,286.66,43
11,"2021-12-11 19:46:37",9,3,432,quisquam,190.28,93.53,73
49,"2021-12-29 06:54:16",2,189,433,ut,28.26,22.28,6
43,"2021-09-29 09:32:56",10,41,434,aut,627.87,944.78,82
45,"2021-12-02 18:23:58",6,125,435,voluptas,781.38,759.6,0
47,"2021-08-30 14:24:39",1,131,436,et,780.91,31.84,75
15,"2022-03-09 15:11:58",3,103,437,vero,490.6,766.29,70
23,"2021-05-22 19:19:55",2,153,438,est,648.19,797.83,94
31,"2021-03-11 15:27:56",4,154,439,quisquam,109.94,393.58,40
38,"2021-04-20 17:52:00",10,50,440,consequuntur,698.37,177.74,11
21,"2022-02-10 21:06:07",2,39,441,vitae,191.37,83.91,13
7,"2022-02-27 12:03:28",4,152,442,commodi,133.71,638.42,48
19,"2021-12-24 23:13:49",6,13,443,amet,441.09,221.57,75
28,"2022-03-04 17:59:43",4,90,444,adipisci,498.84,623.82,23
44,"2021-10-15 06:27:29",8,19,445,asperiores,987.45,375.02,57
1,"2021-06-06 08:25:03",3,88,446,unde,692.2,596.29,11
34,"2021-09-19 19:19:54",3,52,447,similique,711.54,551.99,60
46,"2021-07-09 02:21:45",7,9,448,voluptate,324.14,512.96,92
37,"2021-09-08 06:08:42",2,119,449,aut,793.97,350.79,59
45,"2021-06-06 10:16:19",6,138,450,ad,737.89,320.54,62
9,"2021-11-16 14:03:19",8,45,451,consequuntur,778.94,691.68,23
45,"2021-10-26 06:43:18",1,8,452,consequatur,453.86,972.43,97
45,"2021-11-04 20:39:21",8,187,453,consequatur,301.71,750.51,96
9,"2021-12-30 22:48:53",2,38,454,qui,885.1,15.04,23
49,"2022-03-07 02:16:34",5,148,455,aut,263.04,84.29,15
1,"2022-01-03 14:25:09",7,121,456,iusto,378.03,947.79,5
3,"2022-02-10 11:24:54",4,106,457,quisquam,634.59,439.15,18
38,"2021-09-16 19:59:13",1,53,458,explicabo,305.25,132.32,51
37,"2021-10-17 16:34:43",7,97,459,enim,395.46,900.16,5
28,"2021-12-27 22:49:56",2,189,460,expedita,588.65,913.2,93
26,"2021-08-27 13:30:40",9,11,461,autem,437.05,731.28,65
44,"2022-02-26 19:31:35",7,161,462,consequatur,640.04,578.77,31
41,"2021-10-16 10:11:54",1,131,463,odit,96.33,602.43,31
35,"2022-01-27 01:59:58",6,199,464,modi,265.62,146.06,34
44,"2021-05-24 10:56:36",8,61,465,vitae,795.64,106.64,93
43,"2021-03-26 23:28:00",8,137,466,perferendis,443.19,552.96,58
36,"2021-05-01 20:53:50",9,37,467,sed,937.36,724.23,35
32,"2021-08-12 01:57:09",9,85,468,est,245.38,259.27,69
28,"2021-09-06 10:05:05",8,120,469,officiis,669.95,987.12,30
45,"2021-10-28 20:10:53",1,115,470,ratione,942.03,766.42,87
36,"2021-11-06 04:37:40",1,177,471,enim,891.81,657.78,0
23,"2021-12-13 05:55:59",4,178,472,et,603.48,333.05,38
26,"2021-12-05 01:06:59",6,167,473,nulla,54.65,389.25,42
23,"2021-12-26 07:54:49",4,101,474,eligendi,146.58,653.23,2
37,"2021-06-01 20:55:52",7,42,475,nesciunt,534.86,677.29,45
5,"2021-04-06 17:06:12",6,113,476,dicta,241.05,791.68,58
19,"2021-06-04 04:35:56",5,98,477,consequatur,322.72,468.5,26
29,"2022-02-15 18:26:38",7,16,478,dolor,261.87,703.65,26
31,"2021-05-07 15:56:23",5,49,479,deleniti,169.24,273.88,57
6,"2021-09-09 04:23:22",8,191,480,commodi,88.32,832.14,14
11,"2021-05-23 17:46:47",4,106,481,assumenda,490.08,404.41,15
33,"2021-11-01 10:05:15",5,49,482,maxime,838.38,817.41,46
22,"2021-04-07 02:39:01",2,69,483,voluptatum,563.09,402.92,40
2,"2021-12-18 14:10:44",2,10,484,reiciendis,694.85,912.89,95
15,"2021-11-04 15:50:51",1,35,485,iusto,347.21,764.03,20
30,"2022-03-01 02:14:23",4,152,486,odit,437.5,639.09,77
37,"2021-12-14 17:48:09",2,130,487,veniam,366.97,313.33,90
44,"2021-09-14 05:35:20",3,192,488,et,125.71,394.77,37
37,"2021-10-06 02:16:33",9,63,489,reiciendis,385.8,16.61,70
46,"2021-08-31 15:11:59",8,162,490,reprehenderit,676.48,417.37,19
2,"2021-04-25 02:48:37",4,126,491,delectus,956.49,479.97,93
42,"2021-04-07 07:52:59",8,45,492,maiores,252.16,251.93,20
33,"2021-10-30 13:24:46",10,94,493,non,570.46,413.65,21
37,"2021-12-26 06:54:51",1,76,494,suscipit,145.92,378.63,16
10,"2022-02-02 15:30:58",7,161,495,veritatis,560.56,652.84,96
23,"2021-03-16 10:32:42",4,90,496,officiis,901.56,350.05,70
17,"2021-11-30 03:02:55",3,34,497,veniam,940.54,597.59,35
9,"2021-04-06 18:28:22",10,129,498,inventore,307.99,456.58,88
34,"2021-08-03 00:51:38",4,178,499,ut,26.49,500.76,95
9,"2022-02-22 16:08:19",9,71,500,fugiat,613.11,448.97,31
7,"2021-03-21 18:49:45",8,23,501,ipsum,392.78,292.78,84
34,"2021-04-13 11:42:06",10,180,502,rerum,922.43,959.01,68
18,"2021-06-13 20:47:55",2,69,503,tempore,833.07,548.71,93
2,"2021-03-25 07:33:36",5,105,504,veritatis,755.39,44.7,16
38,"2021-05-20 09:52:34",5,49,505,laboriosam,740,391.27,28
40,"2022-01-27 05:54:13",4,112,506,aut,475.64,132.55,10
37,"2021-12-22 04:38:40",2,38,507,possimus,785.03,161.38,53
43,"2021-05-17 17:04:45",1,198,508,praesentium,270.95,639.76,50
12,"2021-12-28 12:42:18",10,200,509,velit,297.9,596.88,6
25,"2021-07-25 05:19:41",10,180,510,reiciendis,861.52,872.2,94
41,"2021-08-10 19:16:24",3,5,511,dolore,172.1,60.53,68
37,"2021-11-19 01:52:23",9,65,512,repudiandae,394.31,68.25,53
41,"2022-02-28 02:18:07",9,172,513,provident,295.18,509.91,74
34,"2021-06-22 03:19:41",3,72,514,blanditiis,441.85,732.7,82
45,"2021-06-13 18:04:54",3,139,515,et,438.31,811.17,76
44,"2021-09-07 07:30:49",8,95,516,blanditiis,807.02,47.82,22
40,"2021-05-11 17:35:05",10,82,517,accusantium,560.91,769.51,23
1,"2021-09-22 10:53:33",4,7,518,architecto,7.87,284.94,68
4,"2021-05-13 21:49:10",4,7,519,nesciunt,784.32,68.51,92
46,"2022-02-28 07:44:56",10,82,520,fugiat,86.58,369.96,2
38,"2021-03-25 18:00:39",9,30,521,ut,221.73,911.42,75
27,"2022-01-08 22:57:14",2,54,522,est,736.5,889.03,24
34,"2022-01-16 04:22:09",5,110,523,fugiat,661.95,921.53,9
41,"2022-02-04 00:25:10",9,71,524,dolore,84.34,582.86,100
48,"2022-01-17 15:12:33",3,80,525,ut,166,741.25,30
13,"2021-06-24 16:32:44",4,165,526,quisquam,649.98,281.01,58
35,"2022-01-01 01:56:37",2,86,527,enim,401.19,148.2,67
12,"2021-03-18 16:03:57",4,152,528,omnis,715.36,853.06,86
24,"2021-06-27 16:20:26",8,162,529,rerum,783.17,52.33,61
43,"2022-02-04 02:45:48",6,174,530,aut,81.81,87.83,18
50,"2021-11-16 13:48:02",4,190,531,ea,683.78,873.55,99
23,"2021-05-13 08:37:12",5,133,532,qui,944.69,394.25,69
39,"2021-10-23 01:44:49",1,96,533,exercitationem,955.64,870.42,6
17,"2021-08-30 05:51:46",2,39,534,at,985.64,487.16,68
14,"2021-09-17 10:59:55",9,11,535,temporibus,654.38,629.44,49
35,"2021-04-07 13:05:53",7,16,536,ipsa,648.79,124.53,97
28,"2021-07-11 20:14:41",3,139,537,molestiae,157.99,522.43,43
24,"2021-07-12 15:11:14",5,31,538,illum,838.97,170.26,48
17,"2022-02-20 06:59:19",10,41,539,ad,204,623.48,86
30,"2022-02-25 13:42:19",7,121,540,numquam,76.77,410.13,12
32,"2022-01-07 21:39:54",5,107,541,blanditiis,538.36,449.61,20
4,"2021-03-15 13:46:18",5,108,542,sed,504.81,608.84,60
43,"2021-10-27 19:54:21",7,118,543,alias,141.8,707.13,49
16,"2021-08-03 14:51:31",7,118,544,illo,688.84,829.76,10
26,"2021-10-19 10:50:16",4,40,545,quo,826.49,457.84,39
44,"2022-02-12 09:35:19",7,132,546,necessitatibus,152.66,763,14
45,"2021-03-14 02:30:38",9,123,547,architecto,917.32,844.22,57
49,"2021-05-31 05:34:12",7,118,548,animi,39.71,370.11,20
24,"2021-04-09 03:08:18",7,16,549,voluptatem,611.08,334.17,86
33,"2022-01-24 00:56:23",6,113,550,pariatur,405.48,313.7,54
28,"2021-07-06 21:03:16",8,137,551,odit,528.73,232.75,66
43,"2021-04-07 10:22:40",9,123,552,exercitationem,389.36,158.72,19
43,"2021-05-29 01:40:38",6,136,553,quo,407.47,740.72,79
48,"2021-06-07 14:13:23",7,21,554,similique,238.08,827.05,18
5,"2021-11-29 19:20:40",4,152,555,molestiae,693.68,521.98,56
8,"2021-08-18 07:03:18",8,17,556,nam,914.96,191.56,36
4,"2021-11-04 07:41:24",4,106,557,dolor,227.39,469.47,22
2,"2021-07-09 15:31:11",4,178,558,quas,978.52,517.09,6
41,"2021-11-07 00:34:22",5,98,559,distinctio,679.1,39.18,79
17,"2021-07-20 02:54:48",9,64,560,rerum,906.52,48.15,45
15,"2022-01-30 15:48:14",5,31,561,omnis,257.99,353.94,36
28,"2021-04-16 01:38:10",6,144,562,minima,76.75,470.25,90
33,"2021-08-22 07:39:33",8,45,563,iste,471.67,519.53,76
8,"2021-09-06 22:41:01",8,137,564,quia,489.27,642.8,21
35,"2021-09-05 16:34:01",1,29,565,iusto,473.91,93.77,88
17,"2021-12-21 06:11:42",5,31,566,sequi,180.96,294.91,61
14,"2021-10-02 21:25:28",9,100,567,veritatis,684.37,857.95,6
21,"2021-05-04 09:18:49",3,25,568,impedit,598.82,487.46,93
27,"2021-05-10 10:44:18",7,16,569,vitae,590.27,553.35,7
2,"2021-09-05 21:12:42",8,182,570,doloribus,255.24,944.63,41
43,"2022-02-27 05:02:22",2,185,571,in,106.17,535.77,31
49,"2021-06-20 00:19:33",7,81,572,nobis,211.11,866.14,5
1,"2021-08-20 05:49:58",7,132,573,debitis,756.81,414.54,42
24,"2021-10-30 07:49:40",9,30,574,molestiae,212.47,306.93,44
18,"2021-07-24 03:47:52",6,199,575,perspiciatis,772.63,393.88,94
46,"2021-12-12 23:02:20",5,66,576,commodi,374,811.8,47
16,"2021-10-24 06:31:40",1,56,577,dolores,604.21,284.96,56
36,"2021-08-16 08:04:21",2,15,578,labore,563.05,792.1,25
15,"2021-06-08 01:46:43",8,55,579,quia,623.1,4.49,17
19,"2022-02-21 12:01:42",4,190,580,et,214.21,35.23,99
12,"2022-01-24 19:26:57",2,86,581,eaque,257.07,882.73,3
23,"2021-10-19 18:06:01",7,9,582,iusto,130.8,524.34,29
20,"2021-08-24 07:25:16",7,99,583,aut,960.77,929.06,32
11,"2021-06-08 22:52:53",9,24,584,rerum,83.52,290.62,84
6,"2021-11-15 09:44:40",1,135,585,voluptatum,521.48,274.79,26
36,"2022-01-20 10:18:36",9,71,586,ut,746.37,843.92,53
7,"2021-07-23 22:13:44",9,30,587,blanditiis,605.72,429.18,81
6,"2022-03-03 08:26:08",3,60,588,in,848.54,885.4,33
15,"2021-08-04 21:05:39",6,13,589,natus,772.98,305.92,70
10,"2021-11-22 20:08:37",8,17,590,excepturi,27.21,681.88,11
12,"2021-09-02 19:49:21",2,175,591,et,515.25,393.8,80
42,"2021-11-12 16:12:18",5,14,592,laborum,390.71,425.39,22
21,"2022-02-05 12:15:42",7,16,593,quas,56.09,159.5,92
27,"2021-09-03 01:17:50",4,90,594,labore,218.58,518.6,80
36,"2021-10-12 15:51:45",3,197,595,voluptatem,690.52,741.82,51
34,"2022-02-11 23:17:09",6,174,596,eligendi,84.09,996.25,35
49,"2021-11-20 11:36:10",10,117,597,eum,902.72,760.1,35
10,"2021-04-21 13:03:59",8,23,598,harum,568.43,524.08,51
13,"2022-01-16 04:10:52",2,38,599,exercitationem,31.97,765.98,1
46,"2021-07-06 22:54:09",5,47,600,quod,598.84,363.29,80
23,"2021-03-23 13:02:37",7,104,601,placeat,964.91,940.44,99
50,"2021-07-15 20:16:54",5,47,602,et,222.13,833.79,68
1,"2021-09-25 22:00:03",10,58,603,quaerat,264.23,464.75,25
11,"2021-12-08 22:32:06",5,107,604,id,980.38,274.32,67
16,"2021-11-16 23:56:31",8,191,605,voluptas,300.55,416.57,22
17,"2021-09-02 05:05:50",9,85,606,harum,792.44,633.64,0
40,"2022-02-01 18:00:19",3,139,607,doloremque,448.02,199.31,56
13,"2022-02-16 16:50:41",10,127,608,inventore,455.24,238.12,59
26,"2021-06-21 20:47:48",8,182,609,ut,146.31,113.06,83
22,"2022-01-25 05:09:37",4,190,610,placeat,559.94,708.92,98
18,"2022-02-02 03:42:12",1,96,611,assumenda,738.99,165.69,91
34,"2022-02-12 19:49:21",7,121,612,accusamus,485.58,109.68,66
32,"2021-12-25 02:51:42",1,96,613,enim,254.08,170.86,75
17,"2021-08-19 14:40:50",3,139,614,quaerat,159.26,745.56,95
5,"2022-02-12 20:44:56",8,187,615,occaecati,384.76,656.91,81
46,"2022-02-08 13:33:29",9,100,616,delectus,724.73,599.75,19
22,"2021-05-28 07:55:12",5,110,617,soluta,984.72,282.57,63
9,"2021-10-27 20:45:41",9,122,618,id,203.8,73.28,67
24,"2022-02-20 09:39:21",5,98,619,deleniti,863.47,649.53,40
1,"2021-10-22 14:13:18",3,60,620,aut,42.84,311.64,18
42,"2022-01-27 12:12:17",6,26,621,sunt,16.93,552.72,78
13,"2021-12-17 13:09:22",9,78,622,autem,25.08,409.78,55
7,"2021-04-24 20:59:59",4,154,623,quos,330.84,623.39,94
13,"2021-11-04 06:33:41",2,189,624,necessitatibus,921.38,669.14,76
1,"2021-09-15 13:57:34",3,52,625,neque,551.06,708.81,41
29,"2021-08-05 06:00:29",7,99,626,et,987.44,946.93,14
5,"2021-09-29 01:32:56",8,17,627,aut,898.21,375.33,97
43,"2021-08-02 18:21:24",9,114,628,aperiam,0.16,411.86,75
3,"2021-05-30 07:02:02",5,31,629,autem,884.79,824.3,7
44,"2021-08-03 11:12:31",7,87,630,error,801.06,487.56,79
44,"2021-06-24 11:57:44",8,170,631,quisquam,866.21,157.44,24
49,"2021-07-26 10:35:37",5,105,632,molestiae,886.19,32.82,31
39,"2021-06-12 14:51:39",6,44,633,omnis,181.88,11.35,26
31,"2021-05-11 06:38:50",6,116,634,facere,787.7,727.82,8
29,"2021-04-03 09:37:55",5,148,635,est,520.46,980.27,31
7,"2021-05-07 15:27:58",10,57,636,doloremque,51.2,491.8,32
21,"2021-04-15 02:04:11",7,62,637,officia,747.87,728.88,67
42,"2021-04-03 13:54:25",10,92,638,aut,742.57,894.46,24
23,"2021-06-08 10:32:17",6,144,639,repellat,708,71.39,20
40,"2022-02-27 01:42:38",4,190,640,unde,572.9,326.79,79
45,"2021-09-12 23:53:16",9,64,641,voluptatem,861.34,613.46,60
3,"2021-06-08 23:54:37",8,187,642,consequuntur,499.39,993.46,28
25,"2021-10-05 02:32:34",5,183,643,similique,307.92,639.13,94
19,"2021-12-19 09:51:13",6,84,644,ex,248.69,488.51,95
35,"2021-09-14 04:12:31",9,11,645,velit,939.65,94.01,69
18,"2021-10-10 04:08:13",7,62,646,enim,377.95,400.22,48
16,"2021-07-29 13:03:09",1,131,647,debitis,607.92,320.38,77
28,"2021-09-29 14:24:43",10,82,648,eum,399.46,667.66,10
6,"2022-02-26 05:03:10",10,180,649,minima,95.92,517.89,78
36,"2021-07-11 08:22:45",4,152,650,voluptatem,202.52,768.34,100
50,"2022-02-26 19:38:14",10,117,651,et,176.28,3.95,40
6,"2021-12-31 22:54:11",3,158,652,repudiandae,611.71,780.47,100
39,"2022-02-11 18:09:04",5,47,653,ut,319.15,470.21,47
31,"2021-04-20 07:55:14",7,118,654,laboriosam,308.68,243.09,75
32,"2021-07-23 18:57:03",2,140,655,et,823.58,184.56,38
18,"2021-05-04 20:10:21",9,123,656,id,949.89,786.75,24
33,"2021-06-23 13:35:23",4,152,657,id,344.5,774.15,73
19,"2021-09-15 23:36:58",2,146,658,assumenda,676.56,613.85,82
40,"2021-04-08 09:19:17",6,26,659,quasi,379.13,65.29,15
18,"2021-04-14 21:45:17",4,40,660,accusamus,940.85,628.68,5
20,"2021-11-26 15:28:04",4,101,661,qui,835.3,464.67,22
6,"2021-05-09 09:12:51",4,156,662,iure,435.4,444.02,100
31,"2021-05-13 00:19:57",10,58,663,quia,573.02,748.99,61
38,"2021-11-12 12:35:02",9,123,664,ratione,604.42,781.04,94
38,"2021-11-24 01:28:49",4,101,665,tempore,858.09,774.98,14
34,"2021-11-04 22:28:01",9,71,666,et,977.42,44.71,31
47,"2021-09-16 13:28:43",10,129,667,error,262.34,54.47,43
31,"2021-06-28 22:02:22",8,111,668,sit,708.36,59.36,14
47,"2021-07-04 22:55:49",8,128,669,qui,445.27,545.7,20
22,"2021-10-23 13:39:11",10,200,670,soluta,669.95,299.04,22
34,"2021-07-12 22:46:27",7,42,671,laborum,742.86,540.88,98
6,"2021-07-23 18:03:31",6,174,672,repellat,448.71,933.83,17
19,"2021-05-27 12:20:59",2,130,673,voluptatem,164.61,638.09,98
29,"2021-07-27 08:14:03",9,100,674,aut,321.39,619.23,41
43,"2021-08-16 14:20:57",4,145,675,optio,350.61,127.23,68
38,"2022-02-04 01:07:13",2,146,676,cum,869.29,137.89,0
6,"2021-09-28 01:30:27",9,85,677,omnis,580.62,663.48,55
39,"2021-04-04 02:06:08",8,36,678,qui,355.08,113.03,67
8,"2021-10-01 13:09:32",4,184,679,accusamus,653.55,786.8,17
46,"2021-07-20 01:50:01",10,160,680,expedita,766,951.35,41
21,"2021-05-24 05:29:48",9,24,681,ab,114.44,348.1,97
2,"2021-08-02 18:18:17",8,23,682,ullam,982.79,983.77,37
4,"2021-05-16 03:11:33",2,38,683,quas,853.35,15.13,24
46,"2021-03-11 10:43:02",8,137,684,laboriosam,697.38,593.81,70
39,"2022-02-12 07:02:06",10,180,685,dolore,818.02,20.96,63
48,"2021-12-01 22:14:02",8,12,686,id,779.95,669.47,23
49,"2021-11-12 02:00:30",8,128,687,qui,756.43,964.97,76
22,"2021-12-05 18:15:03",10,82,688,impedit,282.58,937.85,40
7,"2021-12-24 03:52:53",2,68,689,aliquam,542.86,58.45,55
36,"2021-07-07 05:34:42",10,67,690,porro,498.82,18.21,51
18,"2021-05-07 14:11:05",9,30,691,eveniet,72.78,957.38,96
16,"2021-11-03 19:38:00",7,109,692,enim,246.33,631.81,33
22,"2021-05-03 05:28:44",7,4,693,omnis,288.21,693.21,17
18,"2021-04-18 14:21:21",3,197,694,cupiditate,875.24,765.48,4
50,"2021-05-23 01:28:01",6,144,695,a,560.27,542.25,46
23,"2021-06-16 11:57:31",7,62,696,ipsum,282.7,636.15,66
47,"2022-01-24 01:06:18",1,177,697,non,203.98,814.79,93
44,"2022-03-02 15:08:50",8,182,698,iure,663.72,406.53,20
43,"2021-11-08 20:26:04",8,188,699,ex,717.45,488.02,56
40,"2022-02-11 11:03:47",5,89,700,quaerat,524.04,709.38,66
3,"2021-03-17 20:16:19",1,35,701,doloribus,777.69,424.45,25
17,"2022-02-01 17:55:42",7,87,702,unde,116.56,557.26,85
38,"2021-10-02 00:59:24",8,196,703,fuga,747.18,802.49,11
26,"2021-10-17 08:15:21",4,184,704,quis,257.13,246.4,99
26,"2021-11-12 06:47:50",7,16,705,ea,899,554.52,95
3,"2021-04-19 06:48:19",3,158,706,consequatur,273.77,758.45,92
25,"2021-10-11 17:31:31",6,125,707,amet,914.65,763.22,38
20,"2021-03-25 18:32:56",3,103,708,inventore,114.05,198.9,68
31,"2021-07-17 01:50:23",1,43,709,aut,168.52,647.95,15
41,"2021-12-02 04:18:01",9,114,710,aut,34.35,378.56,88
20,"2021-12-27 19:55:24",3,139,711,nostrum,123.11,927.21,66
3,"2021-06-04 10:06:39",5,51,712,accusantium,880.91,448.44,12
47,"2021-08-29 02:55:01",8,45,713,praesentium,470.38,801.92,93
43,"2022-02-15 15:35:42",8,170,714,voluptatem,310.74,682.22,57
38,"2021-08-24 14:59:30",8,19,715,asperiores,613.62,703.14,94
23,"2022-01-04 18:31:40",2,119,716,minima,301.2,492.02,100
43,"2021-09-11 18:40:33",7,9,717,corrupti,563.66,758.44,94
9,"2021-05-01 09:57:24",7,109,718,fuga,524.4,402.81,26
47,"2021-06-24 08:30:22",7,42,719,adipisci,660.46,998.23,100
4,"2021-11-15 01:34:51",6,26,720,aut,530.55,627.4,51
39,"2021-06-03 23:36:42",8,95,721,iure,878.78,229.06,78
2,"2021-03-27 18:56:18",1,76,722,facere,652.19,892.78,41
47,"2021-09-18 01:08:43",5,173,723,ea,595.56,843.13,84
11,"2022-03-02 03:28:48",8,194,724,ab,724.93,601.13,80
18,"2021-04-17 21:19:58",3,158,725,reprehenderit,518.15,922.15,68
28,"2021-09-27 14:50:04",7,118,726,vel,604.5,682.8,58
41,"2022-01-15 14:13:50",2,69,727,perferendis,487.6,784.51,45
40,"2021-07-19 23:02:42",9,71,728,adipisci,485.06,18.34,69
11,"2021-06-03 22:57:33",2,175,729,molestiae,248.73,447.37,37
28,"2021-06-20 22:36:01",7,99,730,qui,328.31,10.61,91
47,"2022-02-19 19:22:09",9,83,731,in,690.51,272.69,30
12,"2021-12-23 18:35:00",1,177,732,atque,405.73,622.34,76
41,"2021-06-07 09:49:32",8,23,733,pariatur,352.77,819.86,60
33,"2021-09-18 04:07:42",9,122,734,et,963.82,643.24,51
3,"2022-01-12 11:35:26",7,87,735,reiciendis,686.84,671.27,54
36,"2021-03-20 14:53:12",6,167,736,et,731.03,555.61,95
13,"2022-01-05 00:46:59",8,61,737,illum,759.89,859.11,18
37,"2021-09-03 07:41:29",3,176,738,culpa,276.1,49.78,7
15,"2021-04-30 10:54:26",6,84,739,est,771.02,329.54,19
34,"2021-07-07 13:04:43",8,55,740,sit,8.68,234.4,88
11,"2021-12-13 20:16:19",4,40,741,fugiat,31.33,197.28,89
26,"2021-12-17 07:09:17",6,199,742,eligendi,986.52,40.22,80
10,"2022-01-12 20:19:19",1,135,743,qui,388.07,136.36,15
44,"2021-10-02 22:10:47",5,108,744,ea,448.04,25.55,69
26,"2021-11-09 11:10:17",7,16,745,quod,315.91,483.9,46
34,"2022-02-09 02:43:27",4,75,746,et,919.85,905.94,72
13,"2021-10-08 12:06:59",3,139,747,itaque,837.21,802.82,68
16,"2022-01-07 13:10:54",2,68,748,et,507.05,279.72,52
29,"2022-01-12 12:59:03",4,156,749,veritatis,68.33,785.4,79
28,"2021-10-05 14:43:05",6,13,750,dolorem,227.79,281.56,89
39,"2021-05-20 00:50:22",1,142,751,est,500.27,379.22,0
39,"2021-05-16 18:34:56",7,99,752,sint,661.63,86.53,6
37,"2021-04-27 01:20:31",10,92,753,in,582.93,860.22,79
42,"2022-01-21 13:24:42",1,102,754,et,841.54,345.7,51
18,"2021-07-30 20:38:54",4,18,755,sint,364.74,949.38,75
38,"2021-10-08 16:50:44",9,71,756,nihil,146.22,455.86,77
17,"2021-09-25 09:40:45",10,94,757,omnis,989.24,353.23,96
30,"2021-09-14 05:05:48",1,151,758,sit,705.61,385.53,71
44,"2022-02-07 15:00:44",7,33,759,facilis,175.13,225.8,73
24,"2022-02-05 09:41:52",5,108,760,consequatur,182.33,885.5,29
19,"2021-04-06 23:58:16",3,186,761,expedita,640.62,413.38,50
9,"2021-07-21 00:21:29",10,82,762,id,815.16,779.3,62
19,"2021-06-19 13:44:23",8,169,763,quasi,853.58,507.49,26
48,"2021-10-09 21:24:13",8,188,764,velit,905.24,144.78,14
36,"2021-10-16 20:49:47",5,155,765,velit,780.34,42.59,36
3,"2021-10-07 18:36:06",10,92,766,aliquam,545.52,725.08,49
28,"2021-06-15 09:43:43",6,138,767,sed,849.96,670.39,59
20,"2021-07-31 15:04:34",2,69,768,impedit,121.1,206.07,0
41,"2021-03-10 20:29:31",3,2,769,temporibus,355.35,132.79,35
36,"2022-03-07 09:23:52",5,107,770,et,120.68,248.4,24
3,"2021-04-29 07:11:52",5,173,771,voluptas,448.02,150.34,9
3,"2022-02-08 02:24:42",10,67,772,sequi,722.04,369.46,68
31,"2021-09-04 19:41:06",7,164,773,possimus,701.82,567.78,92
31,"2021-12-29 10:28:58",3,158,774,aut,626.33,15.1,79
19,"2021-04-14 22:36:50",3,70,775,praesentium,191.71,803.12,13
49,"2022-03-04 04:01:52",3,197,776,et,608.99,143.52,17
50,"2022-01-20 21:29:01",10,41,777,molestiae,184.96,994.39,34
10,"2021-03-20 04:13:23",4,154,778,ea,441,938.58,0
22,"2021-04-10 11:05:03",3,192,779,tenetur,176.74,557.94,78
15,"2021-07-18 02:57:43",7,20,780,ut,419.65,450.74,3
50,"2021-05-03 14:23:42",2,38,781,nisi,458.82,862.36,14
28,"2021-04-04 11:33:53",6,113,782,autem,518.23,8.55,43
47,"2021-03-17 23:59:15",10,92,783,molestiae,607.83,571.65,23
24,"2021-06-04 12:43:33",7,161,784,quia,57.26,623.77,30
4,"2021-03-16 16:23:48",3,159,785,ea,821.19,583.66,7
14,"2021-04-29 16:35:46",7,21,786,sapiente,682.63,441.83,26
40,"2021-04-18 16:29:00",8,166,787,et,381.21,847.56,61
17,"2021-05-26 15:13:03",4,165,788,enim,559.64,596.02,70
11,"2021-09-21 01:26:34",4,156,789,pariatur,277.12,655.7,34
29,"2021-09-08 17:14:29",10,150,790,dolores,895.85,409.12,40
34,"2021-08-09 07:32:56",1,131,791,omnis,578.01,196.08,100
17,"2021-09-05 05:22:54",9,100,792,vel,893.45,438.28,96
14,"2021-03-14 03:49:52",5,31,793,recusandae,701.78,813.59,45
26,"2022-01-16 00:08:48",3,141,794,sit,888.89,972.99,71
5,"2021-03-28 15:13:42",8,194,795,eligendi,676.98,930.99,68
37,"2021-09-03 00:16:37",8,182,796,tenetur,573.58,859.47,53
50,"2021-09-22 13:51:06",5,46,797,sint,498.19,597.83,62
21,"2021-06-30 23:25:06",4,101,798,sit,385.63,324.82,94
49,"2021-06-12 21:46:30",2,59,799,dolores,335.42,677.69,76
25,"2021-11-28 14:44:24",8,61,800,autem,431.08,821.3,42
13,"2021-12-04 10:52:54",4,152,801,ut,286.41,707.77,74
47,"2021-03-22 21:53:51",3,22,802,aut,782.23,486.56,11
34,"2021-09-22 19:45:28",9,3,803,temporibus,544.82,666.05,84
17,"2022-01-26 05:21:56",5,51,804,nisi,772.08,556.57,11
1,"2021-11-04 23:38:42",6,167,805,tenetur,359.82,632.53,42
19,"2022-02-05 09:02:38",7,104,806,fugit,758.36,680.73,61
37,"2021-04-08 00:27:39",3,52,807,perspiciatis,644.44,523.81,28
27,"2021-06-24 05:28:19",6,167,808,sit,199.25,57.23,57
3,"2021-07-16 03:57:30",4,154,809,fuga,361.08,998.61,25
44,"2021-12-07 22:23:25",3,181,810,corrupti,398.51,865.4,74
32,"2021-11-19 20:40:22",2,153,811,quod,339.13,195.15,98
49,"2021-12-16 22:01:55",2,175,812,est,393.37,810.06,85
21,"2021-05-23 04:27:06",4,40,813,odit,628.77,657.4,68
38,"2021-11-10 06:45:17",10,41,814,rerum,572.49,457.84,74
2,"2021-10-17 10:39:33",6,138,815,maxime,645.35,362.37,77
31,"2022-01-27 11:04:41",3,186,816,distinctio,110.58,554.53,33
24,"2022-02-06 19:37:02",3,25,817,deserunt,460.07,32.01,44
26,"2022-01-07 17:08:52",3,5,818,molestiae,954.49,63.57,66
3,"2021-10-24 13:12:29",2,153,819,rerum,802.24,951.22,69
14,"2021-05-11 21:12:01",1,177,820,quo,894.91,465.95,11
37,"2021-12-13 07:43:26",2,59,821,odio,500.69,288.47,20
32,"2021-08-21 09:54:59",8,12,822,quia,87.84,327.47,81
18,"2021-05-24 12:50:52",8,45,823,accusamus,666.7,613.31,29
7,"2021-07-31 15:23:50",6,113,824,veritatis,21.34,451.15,47
24,"2021-10-23 22:03:12",9,85,825,aut,937.24,82.45,16
12,"2021-03-30 17:32:45",10,57,826,id,223.57,108.96,82
39,"2021-11-18 17:57:29",5,105,827,ut,795.47,419.88,17
28,"2022-01-09 00:46:52",2,27,828,id,836.16,129.16,49
1,"2021-11-25 21:37:07",5,108,829,ipsum,539.62,861.75,40
27,"2021-07-29 08:30:06",9,114,830,quod,988.89,141.49,21
46,"2021-04-05 01:09:21",7,164,831,similique,95.78,546.78,22
11,"2022-02-22 00:20:06",5,66,832,in,955,662.34,88
46,"2021-11-04 21:24:07",7,21,833,consectetur,983.52,902.2,3
9,"2021-05-28 18:19:03",2,39,834,molestiae,550.14,15.06,100
27,"2021-11-27 19:39:46",6,199,835,qui,295.95,303.2,5
23,"2021-09-25 04:02:50",5,89,836,rerum,606.81,993.16,99
49,"2022-02-06 00:18:10",5,14,837,aspernatur,646.15,401.69,8
46,"2021-09-10 15:01:36",9,11,838,eveniet,968.42,779.3,59
3,"2021-10-24 12:52:58",7,33,839,sapiente,773,597.38,36
11,"2021-08-23 03:33:40",8,55,840,illo,306.13,979.61,12
37,"2021-10-30 06:19:42",10,180,841,quis,120.07,997.58,63
33,"2021-06-18 04:49:01",6,125,842,quasi,650.71,136.45,68
24,"2021-10-24 23:18:50",10,150,843,magni,625.6,156.66,57
9,"2021-06-07 21:36:30",3,70,844,sapiente,518.71,38.02,37
5,"2021-11-14 19:55:16",2,59,845,tempora,964.04,491.66,75
34,"2021-11-27 11:23:22",4,91,846,quibusdam,37.5,19.67,66
50,"2021-07-21 22:17:40",9,3,847,ex,672.6,39.09,90
20,"2022-01-24 03:09:15",1,53,848,perferendis,936.79,790.12,75
15,"2022-01-17 22:36:32",8,162,849,iusto,183.59,378.83,84
3,"2022-01-02 19:50:24",6,13,850,ad,720.32,435.92,3
17,"2021-06-21 05:43:40",6,144,851,mollitia,419.27,655.1,100
10,"2022-01-31 01:25:15",8,12,852,vero,628.68,638.49,62
4,"2021-11-04 20:07:05",7,104,853,quaerat,403,173.19,24
49,"2021-05-20 07:06:52",7,62,854,voluptas,965.36,731.37,30
43,"2021-07-05 03:00:38",4,190,855,et,282.67,935.97,46
24,"2021-07-28 09:30:17",9,63,856,voluptas,959.45,902.83,69
30,"2021-03-31 08:52:25",5,148,857,qui,680.01,451.6,46
33,"2021-04-16 07:35:19",6,13,858,autem,221.29,841.27,60
17,"2022-01-25 06:46:26",3,158,859,est,204.9,284.46,36
22,"2022-03-06 13:42:16",10,160,860,labore,567.61,523.59,77
27,"2021-12-12 09:44:59",8,137,861,adipisci,802.45,469.98,71
31,"2021-04-10 12:16:40",2,69,862,in,110.06,65.77,32
20,"2021-12-17 10:00:08",3,158,863,distinctio,140.01,136.29,49
34,"2021-05-22 22:27:15",2,39,864,illum,293.54,860.75,42
44,"2022-01-28 02:16:44",4,40,865,incidunt,412.89,542.77,100
6,"2021-12-06 12:52:15",6,113,866,cumque,552.58,85.24,82
16,"2021-05-18 16:32:39",9,122,867,odio,808.73,211.2,10
50,"2021-08-01 07:52:56",7,62,868,doloribus,80.51,412.35,52
29,"2022-02-06 23:57:05",7,21,869,reprehenderit,99.79,673.36,95
3,"2021-12-16 22:24:37",5,14,870,cupiditate,599.28,521.72,19
10,"2021-09-20 01:02:11",6,26,871,sit,245.11,571.81,46
29,"2021-04-03 01:43:48",4,40,872,magni,934.27,853.09,82
29,"2021-03-27 05:34:59",5,183,873,tenetur,193.01,347.64,46
31,"2022-02-27 02:42:13",3,176,874,vero,620.75,745.23,36
46,"2022-01-16 15:16:54",7,42,875,natus,598.85,37.89,29
40,"2022-03-07 12:49:43",8,19,876,necessitatibus,723.29,874.2,37
7,"2021-08-23 04:09:05",3,158,877,veniam,652.64,908.76,50
43,"2021-11-10 00:04:04",4,75,878,at,345.86,477.9,40
16,"2021-08-14 15:47:04",8,17,879,tempore,854.71,978.27,35
6,"2021-09-05 10:53:33",5,89,880,minima,31.7,90.7,66
34,"2021-03-21 22:54:53",2,119,881,consectetur,386.59,694.05,56
42,"2022-02-03 20:59:36",4,7,882,dolorum,564.99,601.84,56
36,"2021-11-14 20:58:03",5,173,883,corrupti,338.73,934.53,95
16,"2021-04-17 04:48:15",7,121,884,non,946.19,251.26,78
32,"2021-05-16 03:52:40",3,158,885,rerum,949.41,257.31,81
50,"2022-02-20 11:08:06",2,69,886,sit,77.32,984.9,59
22,"2021-07-24 12:28:58",9,85,887,ex,51.49,539.68,62
40,"2021-03-17 18:07:39",2,119,888,cum,868.07,681.5,58
33,"2021-03-15 23:30:08",8,166,889,unde,510.46,463.35,83
35,"2021-09-14 08:11:52",5,155,890,voluptatum,58.8,612.74,71
1,"2021-05-10 15:02:03",2,140,891,sequi,850.46,694.46,16
2,"2022-03-04 12:16:49",2,153,892,dolore,807.84,2.85,21
44,"2021-11-17 04:45:09",6,84,893,repellendus,664.66,654.63,34
31,"2022-01-29 08:11:07",3,72,894,molestias,707.6,98.85,56
17,"2021-07-07 16:42:06",1,76,895,quo,715.28,296.2,47
1,"2021-04-04 14:40:09",5,105,896,consequuntur,152.83,311.31,88
50,"2021-04-06 18:06:34",6,144,897,deleniti,181.65,360.8,50
6,"2021-10-17 14:23:10",1,124,898,eius,243.82,440.78,49
8,"2021-08-29 01:51:27",2,140,899,reprehenderit,450.01,440.4,24
33,"2021-07-05 11:07:35",7,20,900,adipisci,370.02,806.03,31
32,"2021-07-26 16:46:16",5,66,901,fugit,485.03,54.99,93
48,"2021-05-06 07:41:01",9,114,902,magnam,164.1,418.94,89
36,"2021-06-28 01:02:54",3,186,903,debitis,230.71,876.49,84
27,"2021-11-26 03:03:52",3,60,904,aliquid,265.19,928.3,43
3,"2021-12-03 06:58:30",7,179,905,dicta,225.7,189.06,28
3,"2021-06-02 08:53:25",3,103,906,fuga,403.45,535.83,54
8,"2021-05-03 20:12:42",9,30,907,reprehenderit,894.63,383.58,20
39,"2021-07-10 10:20:51",5,46,908,beatae,116.85,992.38,52
17,"2021-10-05 04:37:47",1,134,909,ipsam,334.15,195.31,64
39,"2021-08-29 11:37:15",5,155,910,maxime,983.34,834,10
14,"2022-01-08 20:00:47",7,62,911,nemo,173.99,71.42,16
5,"2021-07-05 17:24:32",4,90,912,quam,239.15,992.12,8
46,"2021-06-08 12:05:01",8,188,913,quasi,10.8,661.96,27
32,"2021-05-08 03:52:20",6,136,914,similique,66.81,420.09,37
19,"2021-08-25 11:29:14",4,184,915,itaque,828.7,233.78,60
41,"2021-10-01 06:11:37",9,11,916,vero,427.8,420.87,11
17,"2021-03-27 02:40:30",7,81,917,quo,218.62,840.25,56
41,"2022-02-07 03:32:52",9,24,918,est,331.86,941.97,9
41,"2021-07-24 21:58:50",2,15,919,excepturi,308.06,627.14,26
18,"2021-04-23 06:12:26",9,3,920,officia,960.27,978.27,11
3,"2021-03-25 12:58:57",4,154,921,quia,362.03,23.51,12
22,"2021-08-26 11:35:27",8,137,922,fugiat,133.56,183.27,91
14,"2021-10-09 17:56:55",7,132,923,aut,799.2,127.84,43
16,"2022-01-21 20:53:03",7,109,924,quisquam,242.3,832.91,66
35,"2021-06-22 13:34:37",3,176,925,maiores,786.22,122.74,37
42,"2021-05-13 01:11:58",8,36,926,adipisci,425.65,746.85,4
12,"2021-11-06 01:11:00",1,96,927,modi,624.09,590.45,70
41,"2021-11-15 03:54:19",2,86,928,natus,490.71,482.11,62
43,"2021-10-01 14:36:30",1,74,929,delectus,159.22,35.59,72
16,"2021-08-27 14:19:14",10,41,930,qui,452.1,694.68,28
7,"2021-06-19 08:14:46",10,50,931,veritatis,789.78,359.92,1
33,"2021-06-30 01:38:51",1,124,932,id,592.43,274.74,78
5,"2021-06-23 04:55:53",10,50,933,ipsum,185.54,144.76,56
31,"2021-07-22 04:59:31",1,131,934,aspernatur,604.03,49.02,67
13,"2021-04-10 07:20:59",5,148,935,laudantium,719.06,463.29,78
11,"2021-05-19 07:52:15",7,99,936,unde,382.4,639.75,71
33,"2021-09-08 02:04:11",1,115,937,ullam,29.9,235.72,52
42,"2022-02-14 20:29:38",3,141,938,autem,572.79,763.98,50
17,"2021-07-04 20:11:50",5,89,939,natus,451.51,855.14,18
36,"2021-04-24 17:36:26",8,48,940,quod,263.16,169.49,31
33,"2021-11-09 01:02:54",8,196,941,ipsam,849.59,572.55,98
4,"2022-01-26 03:54:34",8,95,942,fugit,127.59,21.83,11
27,"2021-10-11 12:20:48",6,125,943,vel,852.73,473.42,75
43,"2021-05-15 22:07:32",9,171,944,ducimus,579.01,619.66,36
28,"2021-10-02 23:45:46",4,190,945,accusantium,272.96,435.78,80
49,"2021-09-18 14:55:32",7,87,946,expedita,847.02,612.63,64
39,"2021-10-02 02:08:15",8,120,947,nemo,36.86,675.37,49
32,"2021-12-09 06:24:59",1,102,948,expedita,964.73,966.42,45
44,"2022-01-22 19:41:29",9,83,949,est,561.11,24.36,44
24,"2021-08-24 16:37:28",8,166,950,vel,310.67,761.71,42
30,"2021-11-14 00:35:17",4,7,951,veritatis,829.84,923.38,18
31,"2022-01-07 05:47:55",3,159,952,eum,749.99,214.19,26
20,"2021-07-20 23:23:59",9,30,953,distinctio,457.21,831.47,84
11,"2021-05-06 06:12:20",2,39,954,cumque,953.94,560.73,74
46,"2021-09-01 02:54:19",4,190,955,sit,59.99,489.02,70
40,"2021-11-30 23:05:52",5,105,956,sequi,202.56,469.76,14
2,"2021-07-02 19:13:50",3,193,957,qui,933.8,860.51,17
2,"2021-08-03 13:31:01",6,26,958,officia,345.84,315.57,30
8,"2021-08-15 03:56:48",6,125,959,nam,517.07,653.72,60
45,"2022-01-27 22:58:27",8,79,960,quia,619.3,428.68,7
33,"2021-09-04 00:40:40",9,63,961,excepturi,726.5,221.53,16
21,"2021-06-26 15:06:45",6,168,962,aliquid,807.21,271.59,53
1,"2021-11-18 13:26:04",1,76,963,totam,835.13,476.72,39
1,"2021-11-15 01:41:13",5,98,964,omnis,454.67,404.91,13
28,"2021-08-16 10:22:36",2,175,965,dolorem,747.84,906.77,81
26,"2021-12-08 15:31:28",7,4,966,quibusdam,982.86,351.22,66
1,"2021-06-04 06:01:55",6,84,967,ut,633.48,909.86,26
32,"2022-03-04 11:37:21",3,52,968,itaque,394.87,940.58,28
31,"2022-03-01 11:15:39",8,170,969,aspernatur,406.2,447.04,43
33,"2021-03-14 04:16:22",4,7,970,omnis,70.2,737.21,40
34,"2021-11-17 03:06:22",2,119,971,modi,268.74,508.44,92
34,"2021-09-16 19:32:27",3,72,972,aut,480.1,200.03,100
21,"2021-03-15 01:23:54",8,48,973,error,200.56,913.57,20
34,"2022-01-04 22:56:56",7,164,974,aut,573.94,857.69,94
48,"2021-06-02 03:20:37",10,160,975,odit,841.17,478.76,63
36,"2021-10-18 22:17:55",1,124,976,architecto,788.36,600.08,87
7,"2021-11-06 11:48:08",6,199,977,delectus,182.77,112.31,77
17,"2021-10-09 03:14:47",7,109,978,aliquam,122.64,397.48,46
33,"2021-12-20 02:28:39",4,91,979,est,487.41,952.07,28
2,"2021-09-06 02:27:08",2,1,980,sed,689.75,291.69,84
2,"2021-09-02 15:48:59",6,199,981,rerum,640.16,79.73,52
26,"2021-08-03 15:12:24",4,7,982,at,687.8,171.5,54
37,"2022-01-11 00:30:33",7,33,983,vel,999.74,827.75,24
38,"2021-04-10 18:30:31",4,184,984,facere,888.73,193.46,82
12,"2021-07-10 00:18:27",5,47,985,illum,339.4,939.05,38
42,"2021-06-11 17:44:14",4,91,986,odio,929.57,262.01,13
14,"2021-10-08 06:58:58",5,89,987,earum,335.31,355.23,93
30,"2021-03-11 07:19:00",2,27,988,beatae,895.35,199.7,91
4,"2021-05-06 13:51:03",7,81,989,minima,397.18,435.66,8
39,"2021-09-27 07:24:13",6,168,990,deleniti,335.36,336.46,50
2,"2021-05-09 21:21:05",9,114,991,sed,628.72,772.81,10
41,"2021-03-15 07:43:59",10,160,992,et,177.53,400.15,36
29,"2021-11-02 20:14:52",1,56,993,nostrum,57.5,552.94,35
22,"2021-08-30 05:42:17",4,7,994,iure,866.03,749.09,29
19,"2021-12-31 09:03:19",9,172,995,recusandae,558.59,505.46,28
41,"2021-06-17 22:07:54",3,34,996,nostrum,479.15,292.3,44
34,"2021-05-23 15:39:53",10,127,997,aut,465.09,647.32,38
7,"2021-06-19 22:46:44",3,181,998,harum,138.86,669.68,50
29,"2021-06-22 13:44:24",4,18,999,est,436.95,184.47,61
42,"2021-03-10 21:56:51",10,73,1000,consequatur,466.54,670.06,36
